List_Year,List_Rank,Player_Name
2011,1,Tom Brady
2011,2,Peyton Manning
2011,3,Adrian Peterson
2011,4,Ray Lewis
2011,5,Ed Reed
2011,6,Troy Polamalu
2011,7,Andre Johnson
2011,8,Darrelle Revis
2011,9,Drew Brees
2011,10,Julius Peppers
2011,11,Aaron Rodgers
2011,12,DeMarcus Ware
2011,13,Chris Johnson
2011,14,Larry Fitzgerald
2011,15,Dwight Freeney
2011,16,Charles Woodson
2011,17,Haloti Ngata
2011,18,Nnamdi Asomugha
2011,19,Clay Matthews
2011,20,Michael Vick
2011,21,James Harrison
2011,22,Antonio Gates
2011,23,Patrick Willis
2011,24,Roddy White
2011,25,Arian Foster
2011,26,Philip Rivers
2011,27,Calvin Johnson
2011,28,Jake Long
2011,29,DeSean Jackson
2011,30,Maurice Jones-Drew
2011,31,Reggie Wayne
2011,32,Devin Hester
2011,33,Jamaal Charles
2011,34,Jahri Evans
2011,35,Vince Wilfork
2011,36,Jason Witten
2011,37,Jonathan Vilma
2011,38,Steven Jackson
2011,39,Logan Mankins
2011,40,Terrell Suggs
2011,41,Ben Roethlisberger
2011,42,Michael Turner
2011,43,Joe Thomas
2011,44,Robert Mathis
2011,45,Dwayne Bowe
2011,46,Tony Gonzalez
2011,47,Nick Mangold
2011,48,Champ Bailey
2011,49,Brian Urlacher
2011,50,Wes Welker
2011,51,Ndamukong Suh
2011,52,Matt Ryan
2011,53,Marques Colston
2011,54,Asante Samuel
2011,55,Carl Nicks
2011,56,Ray Rice
2011,57,Andre Gurode
2011,58,Brandon Lloyd
2011,59,Jeff Saturday
2011,60,Justin Tuck
2011,61,Brandon Marshall
2011,62,Jerod Mayo
2011,63,Cameron Wake
2011,64,Tamba Hali
2011,65,Vonta Leach
2011,66,Richard Seymour
2011,67,Brian Waters
2011,68,Antrel Rolle
2011,69,John Abraham
2011,70,Miles Austin
2011,71,Mario Williams
2011,72,Tony Romo
2011,73,Trent Cole
2011,74,Greg Jennings
2011,75,Jay Ratliff
2011,76,Santonio Holmes
2011,77,Chris Snee
2011,78,Dallas Clark
2011,79,D'Brickashaw Ferguson
2011,80,Jared Allen
2011,81,B.J. Raji
2011,82,LaMarr Woodley
2011,83,Mike Williams
2011,84,Josh Cribbs
2011,85,Jason Babin
2011,86,Josh Freeman
2011,87,Jordan Gross
2011,88,Vernon Davis
2011,89,Adrian Wilson
2011,90,Joe Flacco
2011,91,Terrell Owens
2011,92,Lance Briggs
2011,93,Eric Berry
2011,94,Frank Gore
2011,95,Jon Beason
2011,96,Nick Collins
2011,97,Shaun Phillips
2011,98,Darren McFadden
2011,99,Chad Clifton
2011,100,Donovan McNabb
2012,1,Aaron Rodgers
2012,2,Drew Brees
2012,3,Calvin Johnson
2012,4,Tom Brady
2012,5,Darrelle Revis
2012,6,DeMarcus Ware
2012,7,Larry Fitzgerald
2012,8,Adrian Peterson
2012,9,Haloti Ngata
2012,10,Patrick Willis
2012,11,Terrell Suggs
2012,12,Maurice Jones-Drew
2012,13,Jared Allen
2012,14,Jimmy Graham
2012,15,Andre Johnson
2012,16,Ed Reed
2012,17,Justin Smith
2012,18,LeSean McCoy
2012,19,Troy Polamalu
2012,20,Ray Lewis
2012,21,Rob Gronkowski
2012,22,Ray Rice
2012,23,Wes Welker
2012,24,Jason Pierre-Paul
2012,25,Arian Foster
2012,26,Julius Peppers
2012,27,Clay Matthews
2012,28,Frank Gore
2012,29,James Harrison
2012,30,Ben Roethlisberger
2012,31,Eli Manning
2012,32,Jahri Evans
2012,33,Matt Forte
2012,34,Tamba Hali
2012,35,Steve Smith Sr.
2012,36,Charles Woodson
2012,37,Steven Jackson
2012,38,Ndamukong Suh
2012,39,Victor Cruz
2012,40,Cam Newton
2012,41,Matthew Stafford
2012,42,Jason Peters
2012,43,Vernon Davis
2012,44,Jason Babin
2012,45,Vonta Leach
2012,46,Champ Bailey
2012,47,Mike Wallace
2012,48,Devin Hester
2012,49,Maurkice Pouncey
2012,50,Peyton Manning
2012,51,Brian Urlacher
2012,52,Von Miller
2012,53,Tony Gonzalez
2012,54,Brian Cushing
2012,55,Patrick Peterson
2012,56,Greg Jennings
2012,57,Trent Cole
2012,58,Jonathan Vilma
2012,59,Jake Long
2012,60,Darren McFadden
2012,61,Philip Rivers
2012,62,Justin Tuck
2012,63,LaMarr Woodley
2012,64,Logan Mankins
2012,65,Roddy White
2012,66,Earl Thomas
2012,67,Joe Staley
2012,68,Elvis Dumervil
2012,69,Carlos Rogers
2012,70,Michael Vick
2012,71,DeSean Jackson
2012,72,Lance Briggs
2012,73,Johnathan Joseph
2012,74,Joe Flacco
2012,75,Jason Witten
2012,76,Carl Nicks
2012,77,A.J. Green
2012,78,Derrick Johnson
2012,79,Nnamdi Asomugha
2012,80,Jordy Nelson
2012,81,Vince Wilfork
2012,82,Joe Thomas
2012,83,Fred Jackson
2012,84,Chris Long
2012,85,NaVorro Bowman
2012,86,Darren Sproles
2012,87,London Fletcher
2012,88,Michael Turner
2012,89,Dwight Freeney
2012,90,Hakeem Nicks
2012,91,Tony Romo
2012,92,John Kuhn
2012,93,Cortland Finnegan
2012,94,Marshawn Lynch
2012,95,Tim Tebow
2012,96,D'Qwell Jackson
2012,97,Donald Penn
2012,98,Willis McGahee
2012,99,Ryan Kalil
2012,100,Chris Johnson
2013,1,Adrian Peterson
2013,2,Peyton Manning
2013,3,Calvin Johnson
2013,4,Tom Brady
2013,5,J.J. Watt
2013,6,Aaron Rodgers
2013,7,Aldon Smith
2013,8,Arian Foster
2013,9,Von Miller
2013,10,Patrick Willis
2013,11,Drew Brees
2013,12,DeMarcus Ware
2013,13,Ray Rice
2013,14,Andre Johnson
2013,15,Robert Griffin III
2013,16,A.J. Green
2013,17,Matt Ryan
2013,18,Ed Reed
2013,19,Joe Flacco
2013,20,Jamaal Charles
2013,21,Reggie Wayne
2013,22,Larry Fitzgerald
2013,23,Andrew Luck
2013,24,Marshawn Lynch
2013,25,Rob Gronkowski
2013,26,Julio Jones
2013,27,Brandon Marshall
2013,28,Joe Thomas
2013,29,Justin Smith
2013,30,Vince Wilfork
2013,31,Clay Matthews
2013,32,Frank Gore
2013,33,Patrick Peterson
2013,34,Charles Tillman
2013,35,Dez Bryant
2013,36,Geno Atkins
2013,37,NaVorro Bowman
2013,38,Vernon Davis
2013,39,Roddy White
2013,40,Ndamukong Suh
2013,41,Jason Witten
2013,42,Haloti Ngata
2013,43,Eli Manning
2013,44,Wes Welker
2013,45,LeSean McCoy
2013,46,Cam Newton
2013,47,Tony Gonzalez
2013,48,Duane Brown
2013,49,Justin Houston
2013,50,Richard Sherman
2013,51,Russell Wilson
2013,52,Vincent Jackson
2013,53,Champ Bailey
2013,54,Julius Peppers
2013,55,Jason Pierre-Paul
2013,56,Terrell Suggs
2013,57,Doug Martin
2013,58,Victor Cruz
2013,59,Derrick Johnson
2013,60,Jared Allen
2013,61,Ben Roethlisberger
2013,62,Chris Johnson
2013,63,Stephen Tulloch
2013,64,Alfred Morris
2013,65,Dwayne Bowe
2013,66,Earl Thomas
2013,67,Darrelle Revis
2013,68,Demaryius Thomas
2013,69,Tim Jennings
2013,70,Chad Greenway
2013,71,Trent Richardson
2013,72,Mario Williams
2013,73,Antonio Gates
2013,74,Robert Mathis
2013,75,Brandon Flowers
2013,76,Matthew Stafford
2013,77,Aaron Hernandez
2013,78,Joe Staley
2013,79,Luke Kuechly
2013,80,Dwight Freeney
2013,81,Colin Kaepernick
2013,82,Logan Mankins
2013,83,Lance Briggs
2013,84,Steve Smith Sr.
2013,85,Charles Woodson
2013,86,London Fletcher
2013,87,Bernard Pollard
2013,88,Jacoby Jones
2013,89,Cameron Wake
2013,90,Percy Harvin
2013,91,Troy Polamalu
2013,92,Gerald McCoy
2013,93,Anquan Boldin
2013,94,Daryl Washington
2013,95,Max Unger
2013,96,Dashon Goldson
2013,97,Heath Miller
2013,98,Maurice Jones-Drew
2013,99,Trent Williams
2013,100,Dennis Pitta
2014,1,Peyton Manning
2014,2,Calvin Johnson
2014,3,Tom Brady
2014,4,Adrian Peterson
2014,5,LeSean McCoy
2014,6,Drew Brees
2014,7,Richard Sherman
2014,8,Jamaal Charles
2014,9,A.J. Green
2014,10,Jimmy Graham
2014,11,Aaron Rodgers
2014,12,J.J. Watt
2014,13,Robert Quinn
2014,14,Marshawn Lynch
2014,15,Luke Kuechly
2014,16,Josh Gordon
2014,17,Earl Thomas
2014,18,Joe Thomas
2014,19,Robert Mathis
2014,20,Russell Wilson
2014,21,Andre Johnson
2014,22,Patrick Peterson
2014,23,Antonio Brown
2014,24,Cam Newton
2014,25,Dez Bryant
2014,26,Terrell Suggs
2014,27,Patrick Willis
2014,28,Gerald McCoy
2014,29,Mario Williams
2014,30,Andrew Luck
2014,31,Ben Roethlisberger
2014,32,Kyle Williams
2014,33,Aldon Smith
2014,34,Philip Rivers
2014,35,Lavonte David
2014,36,Brandon Marshall
2014,37,Darrelle Revis
2014,38,Larry Fitzgerald
2014,39,Joe Haden
2014,40,Ndamukong Suh
2014,41,Rob Gronkowski
2014,42,Muhammad Wilkerson
2014,43,Tamba Hali
2014,44,Vincent Jackson
2014,45,Haloti Ngata
2014,46,Frank Gore
2014,47,NaVorro Bowman
2014,48,Geno Atkins
2014,49,Demaryius Thomas
2014,50,Eric Berry
2014,51,Vernon Davis
2014,52,Vontaze Burfict
2014,53,Greg Hardy
2014,54,Alshon Jeffery
2014,55,Marshal Yanda
2014,56,DeMarcus Ware
2014,57,Justin Houston
2014,58,Joe Flacco
2014,59,DeAndre Levy
2014,60,Trent Williams
2014,61,Troy Polamalu
2014,62,Marcell Dareus
2014,63,DeSean Jackson
2014,64,Derrick Johnson
2014,65,Kam Chancellor
2014,66,Cameron Wake
2014,67,Jason Peters
2014,68,Jared Allen
2014,69,Justin Smith
2014,70,Nick Foles
2014,71,Tony Romo
2014,72,Antrel Rolle
2014,73,Wes Welker
2014,74,Tim Jennings
2014,75,Joe Staley
2014,76,Von Miller
2014,77,Clay Matthews
2014,78,Tyron Smith
2014,79,Aqib Talib
2014,81,Colin Kaepernick
2014,82,T.J. Ward
2014,83,Jordy Nelson
2014,84,Kiko Alonso
2014,85,Reggie Bush
2014,86,Duane Brown
2014,87,DeMarco Murray
2014,88,Evan Mathis
2014,89,Charles Clay
2014,90,Eddie Lacy
2014,91,Matt Forte
2014,92,Eric Weddle
2014,93,Ryan Kalil
2014,94,Sheldon Richardson
2014,95,Brent Grimes
2014,96,Daryl Washington
2014,97,Louis Vasquez
2014,98,Jason Witten
2014,99,Cameron Jordan
2014,100,Matthew Stafford
2015,1,J.J. Watt
2015,2,Aaron Rodgers
2015,3,Tom Brady
2015,4,DeMarco Murray
2015,5,Peyton Manning
2015,6,Calvin Johnson
2015,7,Andrew Luck
2015,8,Antonio Brown
2015,9,Marshawn Lynch
2015,10,Rob Gronkowski
2015,11,Richard Sherman
2015,12,Jamaal Charles
2015,13,Julio Jones
2015,14,Luke Kuechly
2015,15,Dez Bryant
2015,16,Le'Veon Bell
2015,17,Darrelle Revis
2015,18,Jordy Nelson
2015,19,Patrick Peterson
2015,20,Demaryius Thomas
2015,21,Earl Thomas
2015,22,Russell Wilson
2015,23,Joe Haden
2015,24,Ndamukong Suh
2015,25,Joe Thomas
2015,26,Ben Roethlisberger
2015,27,Justin Houston
2015,28,Gerald McCoy
2015,29,LeSean McCoy
2015,30,Drew Brees
2015,31,Jimmy Graham
2015,32,Odell Beckham Jr.
2015,33,Von Miller
2015,34,Tony Romo
2015,35,T.Y. Hilton
2015,36,Tyron Smith
2015,37,A.J. Green
2015,38,Brent Grimes
2015,39,Cameron Wake
2015,40,Jason Peters
2015,41,Kam Chancellor
2015,42,Mario Williams
2015,43,Philip Rivers
2015,44,Robert Quinn
2015,45,Julius Thomas
2015,46,Elvis Dumervil
2015,47,Trent Williams
2015,48,Matt Forte
2015,49,Khalil Mack
2015,50,DeSean Jackson
2015,51,Clay Matthews
2015,52,Antonio Gates
2015,53,Marcell Dareus
2015,54,Steve Smith Sr.
2015,55,Sheldon Richardson
2015,56,Lavonte David
2015,57,Brandon Marshall
2015,58,Connor Barwin
2015,59,Vontae Davis
2015,60,Eddie Lacy
2015,61,Jeremy Maclin
2015,62,Adrian Peterson
2015,63,Jerry Hughes
2015,64,Charles Woodson
2015,65,Justin Forsett
2015,66,DeAndre Levy
2015,67,Tashaun Gipson
2015,68,Larry Fitzgerald
2015,69,Bobby Wagner
2015,70,Tamba Hali
2015,71,Julius Peppers
2015,72,Kyle Williams
2015,73,Cam Newton
2015,74,Muhammad Wilkerson
2015,75,Mike Evans
2015,76,Sen'Derrick Marks
2015,77,Matt Ryan
2015,78,Ryan Kerrigan
2015,79,Marshal Yanda
2015,80,Arian Foster
2015,81,Darren Sproles
2015,82,Haloti Ngata
2015,83,Maurkice Pouncey
2015,84,Terrell Suggs
2015,85,Golden Tate
2015,86,Eric Weddle
2015,87,DeMarcus Ware
2015,88,Glover Quin
2015,89,Greg Olsen
2015,90,Michael Bennett
2015,91,Julian Edelman
2015,92,Aaron Donald
2015,93,Jason Witten
2015,94,C.J. Mosley
2015,95,Emmanuel Sanders
2015,96,Jurrell Casey
2015,97,Joe Flacco
2015,98,Adam Vinatieri
2015,99,Calais Campbell
2015,100,Randall Cobb
2016,1,Cam Newton
2016,2,Tom Brady
2016,3,J.J. Watt
2016,4,Antonio Brown
2016,5,Adrian Peterson
2016,6,Aaron Rodgers
2016,7,Luke Kuechly
2016,8,Julio Jones
2016,9,Rob Gronkowski
2016,10,Odell Beckham Jr.
2016,11,Josh Norman
2016,12,Carson Palmer
2016,13,Khalil Mack
2016,14,Aaron Donald
2016,15,Von Miller
2016,16,A.J. Green
2016,17,Russell Wilson
2016,18,Patrick Peterson
2016,19,DeAndre Hopkins
2016,20,Richard Sherman
2016,21,Ben Roethlisberger
2016,22,Todd Gurley
2016,23,Joe Thomas
2016,24,Darrelle Revis
2016,25,Brandon Marshall
2016,26,Justin Houston
2016,27,Larry Fitzgerald
2016,28,Tyrann Mathieu
2016,29,Geno Atkins
2016,30,Drew Brees
2016,31,Allen Robinson
2016,32,Kam Chancellor
2016,33,Doug Martin
2016,34,Aqib Talib
2016,35,Andy Dalton
2016,36,DeMarcus Ware
2016,37,Marshal Yanda
2016,38,Greg Olsen
2016,39,Muhammad Wilkerson
2016,40,Ndamukong Suh
2016,41,Le'Veon Bell
2016,42,Tyron Smith
2016,43,Ezekiel Ansah
2016,44,Tyler Eifert
2016,45,Trent Williams
2016,46,Philip Rivers
2016,47,Eli Manning
2016,48,Chandler Jones
2016,49,Fletcher Cox
2016,50,Devonta Freeman
2016,51,Dez Bryant
2016,52,Chris Harris Jr.
2016,53,Lavonte David
2016,54,Thomas Davis
2016,55,Eric Berry
2016,56,Blake Bortles
2016,57,Clay Matthews
2016,58,Kawann Short
2016,59,Michael Bennett
2016,60,Reggie Nelson
2016,61,NaVorro Bowman
2016,62,Demaryius Thomas
2016,63,Gerald McCoy
2016,64,Reshad Jones
2016,65,Marcus Peters
2016,66,Earl Thomas
2016,67,Andrew Whitworth
2016,68,T.J. Ward
2016,69,LeSean McCoy
2016,70,Carlos Dunlap
2016,71,Calais Campbell
2016,72,Doug Baldwin
2016,73,Harrison Smith
2016,74,Emmanuel Sanders
2016,75,Jamaal Charles
2016,76,Linval Joseph
2016,77,Jordan Reed
2016,78,Chris Ivory
2016,79,Ryan Kalil
2016,80,Derrick Johnson
2016,81,Alex Smith
2016,82,Delanie Walker
2016,83,Telvin Smith
2016,84,Tamba Hali
2016,85,Kirk Cousins
2016,86,Jonathan Stewart
2016,87,Julian Edelman
2016,88,Cameron Heyward
2016,89,Allen Hurns
2016,90,Matt Forte
2016,91,Travis Kelce
2016,92,Andrew Luck
2016,93,Jeremy Maclin
2016,94,Gary Barnidge
2016,95,Mike Daniels
2016,96,Sammy Watkins
2016,97,Richie Incognito
2016,98,Jarvis Landry
2016,99,Cameron Jordan
2016,100,Derek Carr
2017,1,Tom Brady
2017,2,Von Miller
2017,3,Julio Jones
2017,4,Antonio Brown
2017,5,Khalil Mack
2017,6,Aaron Rodgers
2017,7,Ezekiel Elliott
2017,8,Odell Beckham Jr.
2017,9,Le'Veon Bell
2017,10,Matt Ryan
2017,11,Derek Carr
2017,12,David Johnson
2017,13,Eric Berry
2017,14,Dak Prescott
2017,15,Aaron Donald
2017,16,Drew Brees
2017,17,A.J. Green
2017,18,Tyron Smith
2017,19,Patrick Peterson
2017,20,Luke Kuechly
2017,21,Richard Sherman
2017,22,Ben Roethlisberger
2017,23,Rob Gronkowski
2017,24,Russell Wilson
2017,25,Joe Thomas
2017,26,Travis Kelce
2017,27,LeSean McCoy
2017,28,Landon Collins
2017,29,Mike Evans
2017,30,Earl Thomas
2017,31,Matthew Stafford
2017,32,Marcus Peters
2017,33,DeMarco Murray
2017,34,Kam Chancellor
2017,35,J.J. Watt
2017,35,Tyreek Hill
2017,37,Aqib Talib
2017,38,Fletcher Cox
2017,39,Bobby Wagner
2017,40,Vic Beasley
2017,41,Devonta Freeman
2017,42,Jarvis Landry
2017,43,Marshal Yanda
2017,44,Cam Newton
2017,45,Larry Fitzgerald
2017,46,Michael Bennett
2017,47,Trent Williams
2017,48,Jordy Nelson
2017,49,Jadeveon Clowney
2017,50,Marcus Mariota
2017,51,Andrew Luck
2017,52,Gerald McCoy
2017,53,Amari Cooper
2017,54,Jackrabbit Jenkins
2017,55,Ndamukong Suh
2017,56,Cliff Avril
2017,57,Jameis Winston
2017,58,Zack Martin
2017,59,Josh Norman
2017,60,Dez Bryant
2017,61,T.Y. Hilton
2017,62,Cameron Wake
2017,63,Chris Harris Jr.
2017,64,Casey Hayward
2017,65,Jordan Reed
2017,66,Xavier Rhodes
2017,67,Greg Olsen
2017,68,Geno Atkins
2017,69,Jay Ajayi
2017,70,Kirk Cousins
2017,71,Julian Edelman
2017,72,Taylor Lewan
2017,73,Philip Rivers
2017,74,Harrison Smith
2017,75,Delanie Walker
2017,76,Justin Houston
2017,77,Ha Ha Clinton-Dix
2017,78,Brian Orakpo
2017,79,Sean Lee
2017,80,LeGarrette Blount
2017,81,Alex Smith
2017,82,Clay Matthews
2017,83,Calais Campbell
2017,84,Mike Daniels
2017,85,Chandler Jones
2017,86,Jurrell Casey
2017,87,Travis Frederick
2017,88,Doug Baldwin
2017,89,Thomas Davis
2017,90,Malcolm Jenkins
2017,91,Lorenzo Alexander
2017,92,Everson Griffen
2017,93,Brandon Graham
2017,94,Dont'a Hightower
2017,95,Kelechi Osemele
2017,96,Damon Harrison
2017,97,David DeCastro
2017,98,Adrian Peterson
2017,99,Malcolm Butler
2017,100,Joey Bosa
2018,1,Tom Brady
2018,2,Antonio Brown
2018,3,Carson Wentz
2018,4,Julio Jones
2018,5,Le'Veon Bell
2018,6,Todd Gurley
2018,7,Aaron Donald
2018,8,Drew Brees
2018,9,Von Miller
2018,10,Aaron Rodgers
2018,11,Russell Wilson
2018,12,Luke Kuechly
2018,13,DeAndre Hopkins
2018,14,Calais Campbell
2018,15,Rob Gronkowski
2018,16,Khalil Mack
2018,17,Jalen Ramsey
2018,18,Ben Roethlisberger
2018,19,Everson Griffen
2018,20,Alvin Kamara
2018,21,Bobby Wagner
2018,22,A.J. Green
2018,23,Patrick Peterson
2018,24,Travis Kelce
2018,25,Cam Newton
2018,26,Cameron Jordan
2018,27,Larry Fitzgerald
2018,28,Chandler Jones
2018,29,Matt Ryan
2018,30,LeSean McCoy
2018,31,Matthew Stafford
2018,32,Jadeveon Clowney
2018,33,Kareem Hunt
2018,34,DeMarcus Lawrence
2018,35,A.J. Bouye
2018,36,Adam Thielen
2018,37,Joey Bosa
2018,38,Jared Goff
2018,39,Tyron Smith
2018,40,Tyreek Hill
2018,41,Keenan Allen
2018,42,Earl Thomas
2018,43,Mark Ingram
2018,44,David DeCastro
2018,45,Davante Adams
2018,46,Harrison Smith
2018,47,Ryan Shazier
2018,48,Cameron Heyward
2018,49,Darius Slay
2018,50,Deshaun Watson
2018,51,Case Keenum
2018,52,Jarvis Landry
2018,53,Aqib Talib
2018,54,Ezekiel Elliott
2018,55,Xavier Rhodes
2018,56,Philip Rivers
2018,57,Trent Williams
2018,58,Leonard Fournette
2018,59,Casey Hayward
2018,60,Derek Carr
2018,61,Ndamukong Suh
2018,62,Micah Hyde
2018,63,Geno Atkins
2018,64,Richard Sherman
2018,65,Stefon Diggs
2018,66,Jurrell Casey
2018,67,Telvin Smith
2018,68,Zach Ertz
2018,69,Fletcher Cox
2018,70,Devonta Freeman
2018,71,Zack Martin
2018,72,Delanie Walker
2018,73,Thomas Davis
2018,74,Cameron Wake
2018,75,Kam Chancellor
2018,76,Melvin Ingram
2018,77,Odell Beckham Jr.
2018,78,Taylor Lewan
2018,79,Marcus Peters
2018,80,Kevin Byard
2018,81,Michael Thomas
2018,82,Marshon Lattimore
2018,83,Linval Joseph
2018,84,J.J. Watt
2018,85,Bruce Irvin
2018,86,Chris Harris Jr.
2018,87,Andrew Whitworth
2018,88,Yannick Ngakoue
2018,89,Jimmy Graham
2018,90,Jimmy Garoppolo
2018,91,David Bakhtiari
2018,92,Landon Collins
2018,93,Mike Daniels
2018,94,Kirk Cousins
2018,95,Lane Johnson
2018,96,Malcolm Jenkins
2018,97,Carlos Hyde
2018,98,C.J. Mosley
2018,99,Doug Baldwin
2018,100,Ha Ha Clinton-Dix
2019,1,Aaron Donald
2019,2,Drew Brees
2019,3,Khalil Mack
2019,4,Patrick Mahomes
2019,5,Todd Gurley
2019,6,Tom Brady
2019,7,Antonio Brown
2019,8,Aaron Rodgers
2019,9,Julio Jones
2019,10,Von Miller
2019,11,DeAndre Hopkins
2019,12,J.J. Watt
2019,13,Michael Thomas
2019,14,Alvin Kamara
2019,15,Bobby Wagner
2019,16,Saquon Barkley
2019,17,Philip Rivers
2019,18,Ezekiel Elliott
2019,19,Tyreek Hill
2019,20,Andrew Luck
2019,21,Travis Kelce
2019,22,Stephon Gilmore
2019,23,Odell Beckham Jr.
2019,24,Luke Kuechly
2019,25,Russell Wilson
2019,26,Darius Leonard
2019,27,Jalen Ramsey
2019,28,Fletcher Cox
2019,29,George Kittle
2019,30,Eddie Jackson
2019,31,Derwin James
2019,32,Jared Goff
2019,33,Adam Thielen
2019,34,Melvin Gordon
2019,35,Davante Adams
2019,36,Chris Jones
2019,37,Jamal Adams
2019,38,Keenan Allen
2019,39,Akiem Hicks
2019,40,Zach Ertz
2019,41,Cameron Jordan
2019,42,Christian McCaffrey
2019,43,David Bakhtiari
2019,44,Ben Roethlisberger
2019,45,DeMarcus Lawrence
2019,46,Patrick Peterson
2019,47,JuJu Smith-Schuster
2019,48,Melvin Ingram
2019,49,Myles Garrett
2019,50,Baker Mayfield
2019,51,Deshaun Watson
2019,52,Tyron Smith
2019,53,Mike Evans
2019,54,Calais Campbell
2019,55,Xavien Howard
2019,56,Joey Bosa
2019,57,Danielle Hunter
2019,58,A.J. Green
2019,59,Zack Martin
2019,60,Larry Fitzgerald
2019,61,Jaylon Smith
2019,62,James Conner
2019,63,Jadeveon Clowney
2019,64,Amari Cooper
2019,65,Jason Pierre-Paul
2019,66,Eric Ebron
2019,67,Dee Ford
2019,68,Phillip Lindsay
2019,69,Matt Ryan
2019,70,T.Y. Hilton
2019,71,C.J. Mosley
2019,72,Jason Kelce
2019,73,Stefon Diggs
2019,74,Leighton Vander Esch
2019,75,Gerald McCoy
2019,76,Robert Woods
2019,77,Taylor Lewan
2019,78,Kirk Cousins
2019,79,Geno Atkins
2019,80,Mark Ingram
2019,81,Trent Williams
2019,82,Bradley Chubb
2019,83,Harrison Smith
2019,84,Jarvis Landry
2019,85,Frank Clark
2019,86,Darius Slay
2019,87,Cam Newton
2019,88,Cameron Heyward
2019,89,Devin McCourty
2019,90,Julian Edelman
2019,91,Andrew Whitworth
2019,92,Jurrell Casey
2019,93,T.J. Watt
2019,94,Mitchell Schwartz
2019,95,Kyle Fuller
2019,96,Carson Wentz
2019,97,Byron Jones
2019,98,Tyler Lockett
2019,99,Derrick Henry
2019,100,Eric Weddle
2020,1,Lamar Jackson
2020,2,Russell Wilson
2020,3,Aaron Donald
2020,4,Patrick Mahomes
2020,5,Michael Thomas
2020,6,Christian McCaffrey
2020,7,George Kittle
2020,8,DeAndre Hopkins
2020,9,Stephon Gilmore
2020,10,Derrick Henry
2020,11,Julio Jones
2020,12,Drew Brees
2020,13,Bobby Wagner
2020,14,Tom Brady
2020,15,Chandler Jones
2020,16,Aaron Rodgers
2020,17,Nick Bosa
2020,18,Travis Kelce
2020,19,Khalil Mack
2020,20,Deshaun Watson
2020,21,Dalvin Cook
2020,22,Tyreek Hill
2020,23,Cameron Jordan
2020,24,Ezekiel Elliott
2020,25,T.J. Watt
2020,26,Von Miller
2020,27,Jamal Adams
2020,28,Richard Sherman
2020,29,Quenton Nelson
2020,30,Mike Evans
2020,31,Saquon Barkley
2020,32,Shaquil Barrett
2020,33,Aaron Jones
2020,34,Joey Bosa
2020,35,Minkah Fitzpatrick
2020,36,Nick Chubb
2020,37,Jalen Ramsey
2020,38,Chris Godwin
2020,39,Tyrann Mathieu
2020,40,Danielle Hunter
2020,41,Jadeveon Clowney
2020,42,Alvin Kamara
2020,43,Jimmy Garoppolo
2020,44,Mark Ingram
2020,45,J.J. Watt
2020,46,Dak Prescott
2020,47,Tre'Davious White
2020,48,Za'Darius Smith
2020,49,Amari Cooper
2020,50,Darius Leonard
2020,51,Todd Gurley
2020,52,Chris Jones
2020,53,Marcus Peters
2020,54,Stefon Diggs
2020,55,Zack Martin
2020,56,DeForest Buckner
2020,57,Davante Adams
2020,58,Kirk Cousins
2020,59,Odell Beckham Jr.
2020,60,Logan Ryan
2020,61,Jarvis Landry
2020,62,David Bakhtiari
2020,63,Preston Smith
2020,64,Harrison Smith
2020,65,Tyler Lockett
2020,66,Laremy Tunsil
2020,67,Demario Davis
2020,68,Ryan Tannehill
2020,69,Larry Fitzgerald
2020,70,Fred Warner
2020,71,Jurrell Casey
2020,72,Josh Jacobs
2020,73,Fletcher Cox
2020,74,Ronnie Stanley
2020,75,Earl Thomas
2020,76,Marshon Lattimore
2020,77,Keenan Allen
2020,78,Tyron Smith
2020,79,Calais Campbell
2020,80,Myles Garrett
2020,81,D.K. Metcalf
2020,82,Ryan Ramczyk
2020,83,Eric Kendricks
2020,84,Cameron Heyward
2020,85,Zach Ertz
2020,86,Marlon Humphrey
2020,87,Josh Allen
2020,88,Jaylon Smith
2020,89,Cooper Kupp
2020,90,Kyler Murray
2020,91,Grady Jarrett
2020,92,Darius Slay
2020,93,Allen Robinson
2020,94,Jason Kelce
2020,95,Frank Clark
2020,96,Chris Carson
2020,97,Budda Baker
2020,98,Brandon Brooks
2020,99,Darren Waller
2020,100,Lavonte David
2021,1,Patrick Mahomes
2021,2,Aaron Donald
2021,3,Aaron Rodgers
2021,4,Derrick Henry
2021,5,Travis Kelce
2021,6,Davante Adams
2021,7,Tom Brady
2021,8,DeAndre Hopkins
2021,9,T.J. Watt
2021,10,Josh Allen
2021,11,Stefon Diggs
2021,12,Russell Wilson
2021,13,Jalen Ramsey
2021,14,Alvin Kamara
2021,15,Tyreek Hill
2021,16,Myles Garrett
2021,17,Xavien Howard
2021,18,Deshaun Watson
2021,19,Budda Baker
2021,20,Dalvin Cook
2021,21,Fred Warner
2021,22,D.K. Metcalf
2021,23,Khalil Mack
2021,24,Lamar Jackson
2021,25,Bobby Wagner
2021,26,Nick Chubb
2021,27,DeForest Buckner
2021,28,Devin White
2021,29,Julio Jones
2021,30,Aaron Jones
2021,31,Jamal Adams
2021,32,Joey Bosa
2021,33,Quenton Nelson
2021,34,Chris Jones
2021,35,Darren Waller
2021,36,David Bakhtiari
2021,37,Darius Leonard
2021,38,Marlon Humphrey
2021,39,Kyler Murray
2021,40,Bradley Chubb
2021,41,Jaire Alexander
2021,42,Trent Williams
2021,43,Lavonte David
2021,44,Christian McCaffrey
2021,45,Justin Simmons
2021,46,Cameron Jordan
2021,47,Stephon Gilmore
2021,48,Mike Evans
2021,49,J.C. Jackson
2021,50,George Kittle
2021,51,Za'Darius Smith
2021,52,Minkah Fitzpatrick
2021,53,Justin Jefferson
2021,54,Grady Jarrett
2021,55,Keenan Allen
2021,56,Justin Herbert
2021,57,Cameron Heyward
2021,58,Tyrann Mathieu
2021,59,Jason Pierre-Paul
2021,60,Corey Linsley
2021,61,Chase Young
2021,62,A.J. Brown
2021,63,Fletcher Cox
2021,64,Demario Davis
2021,65,Calvin Ridley
2021,66,J.J. Watt
2021,67,K.J. Wright
2021,68,Josh Jacobs
2021,69,Ryan Kelly
2021,70,Eric Kendricks
2021,71,Baker Mayfield
2021,72,Michael Thomas
2021,73,Trey Hendrickson
2021,74,James Bradberry
2021,75,Laremy Tunsil
2021,76,Tyler Lockett
2021,77,Quandre Diggs
2021,78,Jeffery Simmons
2021,79,Terron Armstead
2021,80,Adam Thielen
2021,81,Chris Godwin
2021,82,Garett Bolles
2021,83,Ryan Tannehill
2021,84,Leonard Williams
2021,85,Zack Martin
2021,86,Marshon Lattimore
2021,87,Allen Robinson
2021,88,Shaquil Barrett
2021,89,Tristan Wirfs
2021,90,Jessie Bates III
2021,91,Corey Davis
2021,92,Jason Kelce
2021,93,T.J. Hockenson
2021,94,Jarvis Landry
2021,95,Tre'Davious White
2021,96,Cole Beasley
2021,97,Kyle Juszczyk
2021,98,Brandon Scherff
2021,99,Brandon Graham
2021,100,James Robinson
